{"cameraMode":{"drawMode":0,"name":"Shaded","section":"Shading Mode"},"sceneLighting":true,"audioPlay":false,"sceneViewState":{"showFog":true,"showMaterialUpdate":false,"showSkybox":true,"showFlares":true,"showImageEffects":true,"showParticleSystems":true},"in2DMode":false,"pivot":{"x":2.2468814849853517,"y":2.32871150970459,"z":-4.405376434326172},"rotation":{"x":0.029651349410414697,"y":-0.9641615152359009,"z":0.12243496626615524,"w":0.23350155353546143},"size":40.6068000793457,"orthographic":false}